{
  "H": [
    [
      -0.030207545781304183,
      -0.03618612255052063,
      23.347600931531144
    ],
    [
      -0.006175082327549901,
      -0.3833696945020567,
      166.06494526421776
    ],
    [
      -8.919214916955382e-05,
      -0.008064068179208437,
      0.9999999999999999
    ]
  ],
  "net_line": {
    "p1": [
      629,
      318
    ],
    "p2": [
      630,
      441
    ]
  },
  "score_roi": [
    233,
    26,
    45,
    69
  ],
  "scoreboard_roi": {
    "x": 233,
    "y": 26,
    "w": 45,
    "h": 69
  }
}