{
  "H": [
    [
      -0.030899763126636295,
      -0.03669346871288065,
      23.74453672762458
    ],
    [
      -0.006699461538858786,
      -0.384446023691435,
      166.66250470219006
    ],
    [
      -0.0001505326426045056,
      -0.008069615503965146,
      1.0
    ]
  ],
  "net_line": {
    "p1": [
      629,
      320
    ],
    "p2": [
      629,
      444
    ]
  },
  "score_roi": [
    231,
    30,
    50,
    61
  ]
}