{
  "H": [
    [
      -0.08188566163668919,
      -0.07776192328088467,
      53.81655285968682
    ],
    [
      -0.017698718144100106,
      -1.0619230886460087,
      401.4600236626235
    ],
    [
      7.455279959446117e-05,
      -0.017740945317266246,
      1.0
    ]
  ],
  "net_line": {
    "p1": [
      608,
      288
    ],
    "p2": [
      609,
      383
    ]
  },
  "score_roi": [
    234,
    28,
    46,
    64
  ],
  "scoreboard_roi": {
    "x": 234,
    "y": 28,
    "w": 46,
    "h": 64
  }
}