{
  "H": [
    [
      -0.02838394489497853,
      -0.034508901424947565,
      22.155760439101932
    ],
    [
      -0.006299558309457972,
      -0.3610131492727827,
      156.50622664017342
    ],
    [
      -0.00012282998861422867,
      -0.007635558614080271,
      1.0
    ]
  ],
  "net_line": {
    "p1": [
      632,
      318
    ],
    "p2": [
      628,
      442
    ]
  },
  "score_roi": [
    233,
    26,
    45,
    69
  ]
}