{
  "H": [
    [
      -0.06225568182548896,
      -0.0613401570927612,
      42.11596875494328
    ],
    [
      -0.012428756385954483,
      -0.8202979214729965,
      310.6194795977747
    ],
    [
      4.8384443823299174e-05,
      -0.013948431812926378,
      1.0
    ]
  ],
  "net_line": {
    "p1": [
      608,
      290
    ],
    "p2": [
      609,
      381
    ]
  },
  "score_roi": [
    234,
    28,
    46,
    64
  ],
  "scoreboard_roi": {
    "x": 234,
    "y": 28,
    "w": 46,
    "h": 64
  }
}