{
  "H": [
    [
      -0.03155684372709191,
      -0.0371160804458543,
      24.001350505407014
    ],
    [
      -0.007833489320783541,
      -0.3906300007964056,
      169.58564360777856
    ],
    [
      -0.00017592290647074857,
      -0.008174486988273557,
      1.0
    ]
  ],
  "net_line": {
    "p1": [
      630,
      319
    ],
    "p2": [
      631,
      440
    ]
  },
  "score_roi": [
    231,
    26,
    46,
    66
  ]
}