{
  "H": [
    [
      -0.06072154403972776,
      -0.059382098215322136,
      40.78835776286275
    ],
    [
      -0.013250241317463878,
      -0.791039406652593,
      300.6811010965488
    ],
    [
      -6.215402850354557e-05,
      -0.013440601036886601,
      0.9999999999999999
    ]
  ],
  "net_line": {
    "p1": [
      608,
      285
    ],
    "p2": [
      607,
      384
    ]
  },
  "score_roi": [
    234,
    28,
    46,
    64
  ],
  "scoreboard_roi": {
    "x": 234,
    "y": 28,
    "w": 46,
    "h": 64
  }
}