{
  "H": [
    [
      -0.06590800390759367,
      -0.06398368262562014,
      43.90194680726479
    ],
    [
      -0.014260762683645142,
      -0.8542196847503447,
      322.95921426770667
    ],
    [
      -6.540994162266874e-05,
      -0.014480401260736143,
      1.0
    ]
  ],
  "net_line": {
    "p1": [
      606,
      288
    ],
    "p2": [
      609,
      383
    ]
  },
  "score_roi": [
    234,
    28,
    46,
    64
  ],
  "scoreboard_roi": {
    "x": 234,
    "y": 28,
    "w": 46,
    "h": 64
  }
}