{
  "H": [
    [
      -0.032848526369299025,
      -0.03835194439975752,
      24.99360100351372
    ],
    [
      -0.007132316651670899,
      -0.40983388759985945,
      177.67314010977415
    ],
    [
      -0.00014401786538587578,
      -0.008475972224005696,
      1.0
    ]
  ],
  "net_line": {
    "p1": [
      630,
      317
    ],
    "p2": [
      628,
      441
    ]
  },
  "score_roi": [
    231,
    26,
    49,
    68
  ]
}