{
  "H": [
    [
      -0.02889003070300257,
      -0.03505925600937295,
      22.522938780098666
    ],
    [
      -0.005909528856608262,
      -0.36639078910971257,
      158.71221650192822
    ],
    [
      -9.846389924540448e-05,
      -0.007776349094706413,
      0.9999999999999999
    ]
  ],
  "net_line": {
    "p1": [
      629,
      320
    ],
    "p2": [
      631,
      443
    ]
  },
  "score_roi": [
    231,
    27,
    51,
    67
  ]
}