{
  "H": [
    [
      -0.031196735804511978,
      -0.03720860676683982,
      24.042446876342883
    ],
    [
      -0.005822259593152599,
      -0.3943257633544258,
      170.6737177136752
    ],
    [
      -8.384052256392298e-05,
      -0.00826015165817081,
      1.0
    ]
  ],
  "net_line": {
    "p1": [
      631,
      315
    ],
    "p2": [
      630,
      442
    ]
  },
  "score_roi": [
    231,
    27,
    51,
    67
  ]
}