{
  "H": [
    [
      -0.03055709575142374,
      -0.03628655120481569,
      23.481218266484678
    ],
    [
      -0.0066855989600473386,
      -0.38313624809502056,
      166.09702056341607
    ],
    [
      -0.00012834165631225936,
      -0.008048508537048747,
      1.0
    ]
  ],
  "net_line": {
    "p1": [
      630,
      318
    ],
    "p2": [
      630,
      442
    ]
  },
  "score_roi": [
    233,
    26,
    45,
    69
  ],
  "scoreboard_roi": {
    "x": 233,
    "y": 26,
    "w": 45,
    "h": 69
  }
}