{
  "H": [
    [
      -0.06253877194972818,
      -0.061159240215543025,
      41.94650175354598
    ],
    [
      -0.0147396720604079,
      -0.8039821123858858,
      305.9741524510711
    ],
    [
      -0.0001696368517093068,
      -0.013574586722209717,
      1.0
    ]
  ],
  "net_line": {
    "p1": [
      607,
      289
    ],
    "p2": [
      610,
      383
    ]
  },
  "score_roi": [
    234,
    28,
    46,
    64
  ],
  "scoreboard_roi": {
    "x": 234,
    "y": 28,
    "w": 46,
    "h": 64
  }
}