{
  "H": [
    [
      -0.03154960140895471,
      -0.037195319555820255,
      24.12813885436615
    ],
    [
      -0.007408140928160693,
      -0.3952772338097163,
      171.49264180476186
    ],
    [
      -0.00015757266471312585,
      -0.008198167301846066,
      0.9999999999999999
    ]
  ],
  "net_line": {
    "p1": [
      627,
      318
    ],
    "p2": [
      629,
      439
    ]
  },
  "score_roi": [
    231,
    29,
    49,
    63
  ]
}