{
  "H": [
    [
      -0.0315229299102249,
      -0.03702693354534354,
      24.06000134497086
    ],
    [
      -0.007857881963415681,
      -0.3923702393732234,
      171.13104883445715
    ],
    [
      -0.00019485017930722065,
      -0.008090570773539193,
      1.0
    ]
  ],
  "net_line": {
    "p1": [
      630,
      317
    ],
    "p2": [
      629,
      446
    ]
  },
  "score_roi": [
    232,
    28,
    51,
    64
  ]
}