{
  "H": [
    [
      -0.06016379149567578,
      -0.05927247606611013,
      40.516971139476745
    ],
    [
      -0.014380116297921408,
      -0.7843699798866216,
      298.5102978120513
    ],
    [
      -0.00013031343684465237,
      -0.01324360425473448,
      1.0
    ]
  ],
  "net_line": {
    "p1": [
      608,
      285
    ],
    "p2": [
      609,
      383
    ]
  },
  "score_roi": [
    234,
    28,
    46,
    64
  ],
  "scoreboard_roi": {
    "x": 234,
    "y": 28,
    "w": 46,
    "h": 64
  }
}