{
  "H": [
    [
      -0.03403261462112992,
      -0.03967532792618771,
      25.7330650233438
    ],
    [
      -0.006771675558078891,
      -0.4226654160834237,
      183.057012442657
    ],
    [
      -0.0001294671583379229,
      -0.008751210756446982,
      1.0
    ]
  ],
  "net_line": {
    "p1": [
      628,
      318
    ],
    "p2": [
      629,
      441
    ]
  },
  "score_roi": [
    234,
    28,
    46,
    64
  ],
  "scoreboard_roi": {
    "x": 234,
    "y": 28,
    "w": 46,
    "h": 64
  }
}