{
  "H": [
    [
      -0.06429037465826222,
      -0.06238547466838773,
      42.938826896757114
    ],
    [
      -0.014064626583133002,
      -0.8424711323296682,
      320.20232110489803
    ],
    [
      -5.7813559145078136e-05,
      -0.014129750039099892,
      0.9999999999999999
    ]
  ],
  "net_line": {
    "p1": [
      608,
      286
    ],
    "p2": [
      609,
      385
    ]
  },
  "score_roi": [
    234,
    28,
    46,
    64
  ],
  "scoreboard_roi": {
    "x": 234,
    "y": 28,
    "w": 46,
    "h": 64
  }
}