{
  "H": [
    [
      -0.06977989849056551,
      -0.06723318686682218,
      46.428080927813994
    ],
    [
      -0.01377093862766323,
      -0.9150023665936242,
      346.41102138745276
    ],
    [
      6.0706592177621587e-05,
      -0.015408414943739507,
      1.0
    ]
  ],
  "net_line": {
    "p1": [
      606,
      286
    ],
    "p2": [
      608,
      381
    ]
  },
  "score_roi": [
    234,
    28,
    46,
    64
  ],
  "scoreboard_roi": {
    "x": 234,
    "y": 28,
    "w": 46,
    "h": 64
  }
}