{
  "H": [
    [
      -0.06285205300120122,
      -0.061927758104124785,
      42.45563750741437
    ],
    [
      -0.015104143245456995,
      -0.8211161509802971,
      312.5404244507213
    ],
    [
      -6.266001565478494e-05,
      -0.013856691229610996,
      0.9999999999999999
    ]
  ],
  "net_line": {
    "p1": [
      607,
      291
    ],
    "p2": [
      610,
      386
    ]
  },
  "score_roi": [
    234,
    28,
    46,
    64
  ],
  "scoreboard_roi": {
    "x": 234,
    "y": 28,
    "w": 46,
    "h": 64
  }
}