{
  "H": [
    [
      -0.06828786503124194,
      -0.0657956071833865,
      45.36706805608409
    ],
    [
      -0.016263425908825204,
      -0.8856174653987552,
      336.16501353541736
    ],
    [
      -6.47861411436102e-05,
      -0.014892611725014554,
      0.9999999999999999
    ]
  ],
  "net_line": {
    "p1": [
      607,
      289
    ],
    "p2": [
      609,
      382
    ]
  },
  "score_roi": [
    234,
    28,
    46,
    64
  ],
  "scoreboard_roi": {
    "x": 234,
    "y": 28,
    "w": 46,
    "h": 64
  }
}