{
  "H": [
    [
      -0.06410339935064964,
      -0.062218005252101194,
      42.88328877148608
    ],
    [
      -0.015389950593001104,
      -0.8366536776922421,
      318.4390640654561
    ],
    [
      -6.211049849257727e-05,
      -0.014085672384818749,
      0.9999999999999999
    ]
  ],
  "net_line": {
    "p1": [
      607,
      293
    ],
    "p2": [
      610,
      384
    ]
  },
  "score_roi": [
    234,
    28,
    46,
    64
  ],
  "scoreboard_roi": {
    "x": 234,
    "y": 28,
    "w": 46,
    "h": 64
  }
}