{
  "H": [
    [
      -0.06155850995528982,
      -0.06065323775006505,
      41.58186820259309
    ],
    [
      -0.014808812503433693,
      -0.8050608979139384,
      306.42933334377767
    ],
    [
      -6.323955540986093e-05,
      -0.013623408521122697,
      1.0
    ]
  ],
  "net_line": {
    "p1": [
      608,
      285
    ],
    "p2": [
      608,
      382
    ]
  },
  "score_roi": [
    234,
    28,
    46,
    64
  ],
  "scoreboard_roi": {
    "x": 234,
    "y": 28,
    "w": 46,
    "h": 64
  }
}